Code,Issued to,Issued on,Used by (auto),Used on (auto)
MTMS26-226FM,,,,
MTMS26-2X8L2,,,,
MTMS26-47NZ5,,,,
MTMS26-4QNLT,,,,
MTMS26-54Y82,,,,
MTMS26-56FJW,,,,
MTMS26-5WV8Z,,,,
MTMS26-6RNSF,,,,
MTMS26-7S6ZN,,,,
MTMS26-7XNDK,,,,
MTMS26-8NMEN,,,,
MTMS26-8U4GF,,,,
MTMS26-9CPF6,,,,
MTMS26-APGBG,,,,
MTMS26-D53H3,,,,
MTMS26-DRPCE,,,,
MTMS26-EX9R9,,,,
MTMS26-FA3YX,,,,
MTMS26-HQJ93,,,,
MTMS26-J3LDT,,,,
MTMS26-K7QXA,,,,
MTMS26-M4BHD,,,,
MTMS26-P2Y4K,,,,
MTMS26-P9J24,,,,
MTMS26-PKQ8R,,,,
MTMS26-PXUJB,,,,
MTMS26-R3BKY,,,,
MTMS26-R6TGR,,,,
MTMS26-T8G6W,,,,
MTMS26-TDADH,,,,
MTMS26-TGYGS,,,,
MTMS26-U7F4F,,,,
MTMS26-UAVWF,,,,
MTMS26-UEXZK,,,,
MTMS26-UW95M,,,,
MTMS26-VAQE6,,,,
MTMS26-VH86J,,,,
MTMS26-VLYX3,,,,
MTMS26-VP35W,,,,
MTMS26-W5WTP,,,,
MTMS26-WADK5,,,,
MTMS26-WKV7F,,,,
MTMS26-X6KEE,,,,
MTMS26-XEC8Z,,,,
MTMS26-XNT9X,,,,
MTMS26-YJJX4,,,,
MTMS26-YM6Y3,,,,
MTMS26-YNVVS,,,,
MTMS26-ZDPZ9,,,,
MTMS26-ZV265,,,,
